product_code,product_name,stock,recent_months,recent_months_with_sales,recent_units_sold,recent_average_monthly_sales,recent_sales_stddev,months_with_data,annual_units_sold,average_monthly_sales,sales_stddev,recommended_order
9193755,"Zurim MG, 300 mg Blister 60",,"JUN, JUL_2, AGO_2",0,0.0,0.0,0.0,0,0.0,0.0,0.0,0
9193730,"Zurim , 100 mg Blister 60 Unidade(s) Comp...[60]",5.0,"JUN, JUL_2, AGO_2",3,36.0,12.0,2.943920288775949,15,151.0,10.066666666666666,2.8394052585395806,12
9264010,"Zotinar, 1 mg/g-30 g x 1 creme bisnaga...[1]",3.0,"JUN, JUL_2, AGO_2",2,4.0,1.3333333333333333,1.247219128924647,8,15.0,1.0,1.1547005383792515,0
9317214,"Zotinar N, 1/3 mg/g-30 g x 1 creme bisnaga...[1]",1.0,"JUN, JUL_2, AGO_2",1,1.0,0.3333333333333333,0.4714045207910317,3,3.0,0.2,0.4,0
9378406,"Zotinar Capilar, 1 mg/mL-100 mL x 1 sol cut...[1]",1.0,"JUN, JUL_2, AGO_2",0,0.0,0.0,0.0,2,2.0,0.13333333333333333,0.339934634239519,0
5730098,"Zinasen, 10 mg x 60 comp...[60]",8.0,"JUN, JUL_2, AGO_2",2,3.0,1.0,0.816496580927726,8,16.0,1.0666666666666667,1.3888444437333107,0
5159199,"Terbinafina Atral MG, 250 mg x 28 comp...[28]",0.0,"JUN, JUL_2, AGO_2",0,0.0,0.0,0.0,1,1.0,0.06666666666666667,0.24944382578492946,0
5760061,"Sarix , 0.5 mg + 0.4 mg Frasco 30 Unidade(s) Caps...[30]",10.0,"JUN, JUL_2, AGO_2",3,16.0,5.333333333333333,0.4714045207910317,14,54.0,3.6,1.4047538337136984,0
9264309,"Rinerge, 0,5 mg/mL-10mL x 1 sol pulv nasal...[1]",1.0,"JUN, JUL_2, AGO_2",0,0.0,0.0,0.0,6,11.0,0.7333333333333333,0.9977753031397177,0
5760715,"Pravid , 30000 U.I. Blister 3 Unidade(s) Comp revest pelic...[3]",11.0,"JUN, JUL_2, AGO_2",3,38.0,12.666666666666666,3.39934634239519,15,130.0,8.666666666666666,4.4671641514002545,8
9817700,"Moderlax , 5 mg Blister 20 Unidade(s) Comp revest...[20]",22.0,"JUN, JUL_2, AGO_2",1,1.0,0.3333333333333333,0.4714045207910317,5,7.0,0.4666666666666667,0.7180219742846006,0
5879390,"Mirtazapina Psidep MG, 30 mg Blister 56 Unidade(s) Comp revest...[56]",19.0,"JUN, JUL_2, AGO_2",3,23.0,7.666666666666667,0.9428090415820634,15,125.0,8.333333333333334,2.8440972010268726,0
5850193,"Mirtazapina Psidep MG, 15 mg Blister 56 Unidade(s) Comp revest...[56]",14.0,"JUN, JUL_2, AGO_2",3,38.0,12.666666666666666,2.494438257849294,15,199.0,13.266666666666667,5.458530530788992,0
5204193,"Mirtazapina Psidep MG, 15 mg Blister 14 Unidade(s) Comp revest...[14]",0.0,"JUN, JUL_2, AGO_2",0,0.0,0.0,0.0,1,1.0,0.06666666666666667,0.24944382578492943,0
9301408,"Lisomucin, 2 mg/mL-15 mL x 1 sol oral gta...[1]",2.0,"JUN, JUL_2, AGO_2",2,2.0,0.6666666666666666,0.4714045207910317,9,12.0,0.8,0.8326663997864531,0
9278200,"Lisomucin, 1,6 mg/mL-200mL x 1 xar mL...[1]",1.0,"JUN, JUL_2, AGO_2",1,1.0,0.3333333333333333,0.4714045207910317,1,1.0,0.06666666666666667,0.24944382578492943,0
9908319,"Lentocilin S 2400, 2,4 MUI/6,5 mL x 1 pó + solv p/sol inj IM amp...[1]",4.0,"JUN, JUL_2, AGO_2",2,6.0,2.0,2.160246899469287,11,34.0,2.2666666666666666,1.8427033281447005,0
9908301,"Lentocilin S 1200, 1,2 MUI/4 mL x 1 pó + solv p/sol inj IM amp...[1]",3.0,"JUN, JUL_2, AGO_2",3,8.0,2.6666666666666665,1.699673171197595,11,34.0,2.2666666666666666,2.351358945139786,0
9828707,"Lentocilin 6.3.3, 4 mL x 1 pó + veíc susp inj...[1]",2.0,"JUN, JUL_2, AGO_2",3,3.0,1.0,0.0,7,22.0,1.4666666666666666,3.2013885876114583,0
5638895,"Ecamais, 10/12,5 mg x 60 comp...[60]",1.0,"JUN, JUL_2, AGO_2",1,1.0,0.3333333333333333,0.4714045207910317,8,10.0,0.6666666666666666,0.7888106377466155,0
5638994,"Ecamais , 20 mg + 12.5 mg Blister 60 Unidade(s) Comp...[60]",1.0,"JUN, JUL_2, AGO_2",2,2.0,0.6666666666666666,0.4714045207910317,7,9.0,0.6,0.7118052168020874,0
7552950,Diclodent Spray Oral 20Ml...[1],8.0,"JUN, JUL_2, AGO_2",1,1.0,0.3333333333333333,0.4714045207910317,2,2.0,0.13333333333333333,0.339934634239519,0
7550384,Diclodent AftaGel 15Ml 12A+...[0],5.0,"JUN, JUL_2, AGO_2",2,3.0,1.0,0.816496580927726,5,7.0,0.4666666666666667,0.7180219742846006,0
4881389,"Diclodent 0.074% Solução Bucal , 0.74 mg/ml Frasco 200 ml Sol bucal...[1]",8.0,"JUN, JUL_2, AGO_2",3,9.0,3.0,1.632993161855452,14,64.0,4.266666666666667,2.4073960113690385,0
5697321,"Diclodent 0.074% Solução Bucal , 0.74 mg/ml Frasco 100 ml Sol bucal...[1]",4.0,"JUN, JUL_2, AGO_2",2,4.0,1.3333333333333333,1.247219128924647,9,30.0,2.0,2.250925735484551,0
4646394,"Cipancin, 100 mg x 32 comp rev...[32]",2.0,"JUN, JUL_2, AGO_2",0,0.0,0.0,0.0,2,11.0,0.7333333333333333,2.4890872936792623,0
5833199,"Cipamox , 500 mg/5 ml Frasco 120 ml Po susp oral...[1]",10.0,"JUN, JUL_2, AGO_2",3,5.0,1.6666666666666667,0.4714045207910317,13,40.0,2.6666666666666665,1.8499249234015476,0
9371930,"Cipamox , 500 mg Blister 16 Unidade(s) Caps...[16]",10.0,"JUN, JUL_2, AGO_2",3,7.0,2.3333333333333335,1.247219128924647,14,43.0,2.8666666666666667,2.276449477195183,0
4645792,"Cipamox , 3000 mg Saqueta Po susp oral...[1]",3.0,"JUN, JUL_2, AGO_2",2,2.0,0.6666666666666666,0.4714045207910317,2,2.0,0.13333333333333333,0.33993463423951903,0
9577700,"Cipamox , 1000 mg Blister 16 Unidade(s) Comp...[16]",12.0,"JUN, JUL_2, AGO_2",3,32.0,10.666666666666666,0.4714045207910317,15,129.0,8.6,3.878143885933063,0
9422501,"Cefradur, 500 mg x 16 cáps...[16]",2.0,"JUN, JUL_2, AGO_2",1,1.0,0.3333333333333333,0.4714045207910317,3,3.0,0.2,0.4,0
9540906,"Cefradur, 1000 mg x 16 comp...[16]",3.0,"JUN, JUL_2, AGO_2",2,3.0,1.0,0.816496580927726,9,21.0,1.4,1.3564659966250538,0
5672217,"Cartilon, 1500 mg x 60 comp rev...[60]",3.0,"JUN, JUL_2, AGO_2",3,5.0,1.6666666666666667,0.4714045207910317,6,8.0,0.5333333333333333,0.7180219742846006,0
5441654,"Binosto, 70 mg x 4 comp eferv...[4]",10.0,"JUN, JUL_2, AGO_2",3,11.0,3.6666666666666665,2.494438257849294,15,42.0,2.8,1.7587874611030558,0
5685219,"Biloban, 80 mg x 60 comp rev...[60]",4.0,"JUN, JUL_2, AGO_2",3,7.0,2.3333333333333335,0.4714045207910317,14,58.0,3.8666666666666667,2.186829262247563,0
2184992,"Biloban, 40 mg x 60 comp rev...[60]",5.0,"JUN, JUL_2, AGO_2",2,4.0,1.3333333333333333,0.9428090415820634,11,24.0,1.6,1.1430952132988166,0
5819420,"Biloban , 240 mg Blister 30 Unidade(s) Comp revest...[30]",5.0,"JUN, JUL_2, AGO_2",3,7.0,2.3333333333333335,0.4714045207910317,14,39.0,2.6,1.3564659966250536,0
4273793,"Betamox Plus 400 , 400 mg/5 ml + 57 mg/5 ml Frasco 100 ml Po susp oral...[1]",3.0,"JUN, JUL_2, AGO_2",2,5.0,1.6666666666666667,1.247219128924647,12,43.0,2.8666666666666667,1.9618585292749546,0
2869584,"Betamox Plus , 875 mg + 125 mg Blister 16 Unidade(s) Comp revest...[16]",26.0,"JUN, JUL_2, AGO_2",3,75.0,25.0,7.0710678118654755,15,291.0,19.4,6.681317235396027,0
5934294,"Betamox MG, 250 mg/5 ml + 62.5 mg/5 ml Frasco 120 ml Po susp oral...[1]",2.0,"JUN, JUL_2, AGO_2",0,0.0,0.0,0.0,2,2.0,0.13333333333333333,0.3399346342395189,0
5719315,"Betamox ES MG, 600 mg/5 ml + 42.9 mg/5 ml Frasco 100 ml Po susp oral...[1]",5.0,"JUN, JUL_2, AGO_2",1,3.0,1.0,1.4142135623730951,11,49.0,3.2666666666666666,3.021405118299909,0
9533513,"Benflux, 30 mg x 20 comp...[20]",3.0,"JUN, JUL_2, AGO_2",0,0.0,0.0,0.0,2,5.0,0.3333333333333333,1.0110500592068732,0
9557603,"Benflux, 3 mg/mL-200 mL x 1 xar mL...[1]",0.0,"JUN, JUL_2, AGO_2",0,0.0,0.0,0.0,2,3.0,0.2,0.5416025603090641,0
7556142,Benflux Natural Sol Oral S/Açucar 150Ml...[0],5.0,"JUN, JUL_2, AGO_2",0,0.0,0.0,0.0,4,11.0,0.7333333333333333,1.768866554856213,0
7556159,Benflux Natural Sol Oral 150Ml...[0],3.0,"JUN, JUL_2, AGO_2",1,1.0,0.3333333333333333,0.4714045207910317,6,13.0,0.8666666666666667,1.7461067804945059,0
5200266,"Benflux Forte, 6 mg/mL-200 mL x 1 xar medida...[1]",1.0,"JUN, JUL_2, AGO_2",2,2.0,0.6666666666666666,0.4714045207910317,7,9.0,0.6,0.7118052168020874,0
7608687,Barral Íntima Pediat Sol Hig 200Ml 2A+...[1],3.0,"JUN, JUL_2, AGO_2",2,3.0,1.0,0.816496580927726,3,9.0,0.6,1.540562667772179,0
7544163,Barral Stop24 Roll On 50Ml...[0],4.0,"JUN, JUL_2, AGO_2",2,2.0,0.6666666666666666,0.4714045207910317,7,11.0,0.7333333333333333,0.9285592184789413,0
6011874,Barral Stop24 Cr 40G...[0],,"JUN, JUL_2, AGO_2",0,0.0,0.0,0.0,0,0.0,0.0,0.0,0
7538645,Barral Motherprot Ol Prev Estrias 60Ml...[0],4.0,"JUN, JUL_2, AGO_2",1,2.0,0.6666666666666666,0.9428090415820634,2,3.0,0.2,0.5416025603090641,0
6326595,Barral Motherprot Cr Prot Mamilos 40Ml...[0],2.0,"JUN, JUL_2, AGO_2",0,0.0,0.0,0.0,1,1.0,0.06666666666666667,0.24944382578492946,0
6326587,Barral Motherprot Cr Gordo Oleo Amend 200Ml...[0],1.0,"JUN, JUL_2, AGO_2",1,1.0,0.3333333333333333,0.4714045207910317,5,5.0,0.3333333333333333,0.47140452079103173,0
7078949,Barral Intima Prevencao C/Prebiot 200Ml...[0],4.0,"JUN, JUL_2, AGO_2",2,7.0,2.3333333333333335,1.699673171197595,12,31.0,2.066666666666667,1.5260697523012796,0
7078931,Barral Intima Neutro 200Ml...[0],1.0,"JUN, JUL_2, AGO_2",1,1.0,0.3333333333333333,0.4714045207910317,7,10.0,0.6666666666666666,0.7888106377466155,0
7078923,Barral Intima Conforto 200Ml...[0],4.0,"JUN, JUL_2, AGO_2",1,2.0,0.6666666666666666,0.9428090415820634,10,25.0,1.6666666666666667,2.4129281427805145,0
6837559,Barral Dermaprote Cr Pes lsthistvendas.repListaHistoricoVendasLote Reparad 100ml...[0],3.0,"JUN, JUL_2, AGO_2",0,0.0,0.0,0.0,1,1.0,0.06666666666666667,0.24944382578492946,0
6837591,Barral Dermaprote Cr Emol,,"JUN, JUL_2, AGO_2",0,0.0,0.0,0.0,0,0.0,0.0,0.0,0
6875484,Barral Dermaprote Cr Anti Prurido 100ml...[0],4.0,"JUN, JUL_2, AGO_2",3,6.0,2.0,0.816496580927726,12,22.0,1.4666666666666666,0.9568466729604883,0
6837609,Barral Dermaprote Bals Reparad 10ml...[0],1.0,"JUN, JUL_2, AGO_2",0,0.0,0.0,0.0,4,4.0,0.26666666666666666,0.44221663871405337,0
7108779,Barral Dermap Cr Prur 100MlX2 Prec Esp...[0],2.0,"JUN, JUL_2, AGO_2",1,1.0,0.3333333333333333,0.4714045207910317,1,1.0,0.06666666666666667,0.24944382578492943,0
7297309,Barral DermaProt Hydra+ Cr Multiuso 1Kg...[0],4.0,"JUN, JUL_2, AGO_2",1,1.0,0.3333333333333333,0.4714045207910317,7,10.0,0.6666666666666666,0.8692269873603532,0
6358374,Barral DermaProt Bals Reparad 10ml L2P1...[0],6.0,"JUN, JUL_2, AGO_2",2,2.0,0.6666666666666666,0.4714045207910317,9,13.0,0.8666666666666667,0.8844332774281065,0
7529982,Barral Cr Gordo 400Ml...[0],,"JUN, JUL_2, AGO_2",0,0.0,0.0,0.0,0,0.0,0.0,0.0,0
6565192,Barral Cr Gordo 200ml...[0],,"JUN, JUL_2, AGO_2",0,0.0,0.0,0.0,0,0.0,0.0,0.0,0
6028878,Barral Cr Gordo 100ml...[0],,"JUN, JUL_2, AGO_2",0,0.0,0.0,0.0,0,0.0,0.0,0.0,0
7488015,Barral Babypr Pda Muda Frald Miconaz75G...[0],4.0,"JUN, JUL_2, AGO_2",1,1.0,0.3333333333333333,0.4714045207910317,6,6.0,0.4,0.48989794855663565,0
2496594,"Amizal, 45 mg x 60 comp rev...[60]",6.0,"JUN, JUL_2, AGO_2",3,41.0,13.666666666666666,2.0548046676563256,15,102.0,6.8,3.727376199598497,12
9682336,"Alprazolam Pazolam MG, 1 mg Blister 60 Unidade(s) Comp...[60]",6.0,"JUN, JUL_2, AGO_2",3,7.0,2.3333333333333335,0.9428090415820634,15,39.0,2.6,0.879393730551528,0
5816699,"Alprazolam Pazolam MG, 1 mg Blister 60 Unidade(s) Comp LM...[60]",6.0,"JUN, JUL_2, AGO_2",3,13.0,4.333333333333333,0.9428090415820634,15,54.0,3.6,1.4047538337136984,0
9682328,"Alprazolam Pazolam MG, 0.5 mg Blister 60 Unidade(s) Comp...[60]",9.0,"JUN, JUL_2, AGO_2",3,14.0,4.666666666666667,0.4714045207910317,15,88.0,5.866666666666666,2.6799668322989043,0
5816590,"Alprazolam Pazolam MG, 0.5 mg Blister 60 Unidade(s) Comp LM...[60]",2.0,"JUN, JUL_2, AGO_2",3,12.0,4.0,2.160246899469287,15,61.0,4.066666666666666,1.4360439485692011,6
9682310,"Alprazolam Pazolam MG, 0.25 mg Blister 60 Unidade(s) Comp...[60]",8.0,"JUN, JUL_2, AGO_2",2,4.0,1.3333333333333333,1.247219128924647,12,31.0,2.066666666666667,1.6110727964792761,0
5216908,"Aciclosina, 50 mg/g-10 g x 1 creme bisnaga...[1]",0.0,"JUN, JUL_2, AGO_2",2,3.0,1.0,0.816496580927726,8,12.0,0.8,0.8326663997864531,3
9610725,"Aciclosina , 50 mg/g Bisnaga 2 g Cr...[1]",2.0,"JUN, JUL_2, AGO_2",0,0.0,0.0,0.0,6,6.0,0.4,0.4898979485566357,0
