product_group,Código,Designação,TUnd,source_file
Alprazolam,5823448,"Alprazolam Farmoz MG, 0.5 mg Blister 60 Unidade(s) Comp...[60]",154.0,genericos.csv
Alprazolam,5823422,"Alprazolam Farmoz MG, 0.25 mg Blister 60 Unidade(s) Comp...[60]",78.0,genericos.csv
Alprazolam,9682328,"Alprazolam Pazolam MG, 0.5 mg Blister 60 Unidade(s) Comp...[60]",75.0,genericos.csv
Alprazolam,5816590,"Alprazolam Pazolam MG, 0.5 mg Blister 60 Unidade(s) Comp LM...[60]",51.0,genericos.csv
Alprazolam,5816699,"Alprazolam Pazolam MG, 1 mg Blister 60 Unidade(s) Comp LM...[60]",49.0,genericos.csv
Alprazolam,2584282,"Alprazolam toLife MG, 0.5 mg Blister 60 Unidade(s) Comp...[60]",41.0,genericos.csv
Alprazolam,5823463,"Alprazolam Farmoz MG, 1 mg Blister 60 Unidade(s) Comp...[60]",39.0,genericos.csv
Alprazolam,9682336,"Alprazolam Pazolam MG, 1 mg Blister 60 Unidade(s) Comp...[60]",33.0,genericos.csv
Alprazolam,9682310,"Alprazolam Pazolam MG, 0.25 mg Blister 60 Unidade(s) Comp...[60]",28.0,genericos.csv
Alprazolam,5837687,"Alprazolam Sandoz MG, 1 mg Blister 60 Unidade(s) Comp...[60]",25.0,genericos.csv
Alprazolam,2584480,"Alprazolam toLife MG, 1 mg Blister 60 Unidade(s) Comp...[60]",25.0,genericos.csv
Alprazolam,2584084,"Alprazolam toLIfe MG, 0.25 mg Blister 60 Unidade(s) Comp...[60]",24.0,genericos.csv
Alprazolam,4183786,"Alprazolam Ratiopharm MG, 0.5 mg Blister 60 Unidade(s) Comp...[60]",17.0,genericos.csv
Alprazolam,5837588,"Alprazolam Sandoz MG, 0.5 mg Blister 60 Unidade(s) Comp...[60]",17.0,genericos.csv
Alprazolam,5837489,"Alprazolam Sandoz MG, 0.25 mg Blister 60 Unidade(s) Comp...[60]",15.0,genericos.csv
Alprazolam,4182887,"Alprazolam Ratiopharm MG, 0.25 mg Blister 60 Unidade(s) Comp...[60]",5.0,genericos.csv
Alprazolam,5421987,"Alprazolam Labesfal MG, 1 mg Blister 60 Unidade(s) Comp...[60]",1.0,genericos.csv
Alprazolam,5446380,"Alprazolam toLife MG, 1 mg Blister 60 Unidade(s) Comp LM...[60]",1.0,genericos.csv
Amlodipina,5999883,"Amlodipina Sandoz MG, 5 mg Blister 60 Unidade(s) Comp...[60]",276.0,genericos.csv
Amlodipina,5003793,"Amlodipina toLife 5 mg Comprimidos MG, 5 mg Blister 60 Unidade(s) Comp...[60]",99.0,genericos.csv
Amlodipina,5000138,"Amlodipina Sandoz MG, 10 mg Blister 60 Unidade(s) Comp...[60]",49.0,genericos.csv
Amlodipina,5727029,"Amlodipina + Olmesartan medoxomilo Sandoz MG, 5 mg + 20 mg Blister 56 Unidade(s) Comp revest pelic...[56]",37.0,genericos.csv
Amlodipina,5254370,"Amlodipina Krka MG, 5 mg Blister 60 Unidade(s) Comp...[60]",34.0,genericos.csv
Amlodipina,4017083,"Amlodipina Alter MG, 10 mg Blister 60 Unidade(s) Comp...[60]",27.0,genericos.csv
Amlodipina,5680632,"Amlodipina + Valsartan TAD MG, 5 mg + 160 mg Blister 56 Unidade(s) Comp revest pelic...[56]",20.0,genericos.csv
Amlodipina,5004098,"Amlodipina toLife 10 mg Comprimidos MG, 10 mg Blister 60 Unidade(s) Comp...[60]",19.0,genericos.csv
Amlodipina,5695804,"Amlodipina Aurovitas MG, 5 mg Blister 60 Unidade(s) Comp...[60]",18.0,genericos.csv
Amlodipina,5680624,"Amlodipina + Valsartan TAD MG, 5 mg + 80 mg Blister 56 Unidade(s) Comp revest pelic...[56]",17.0,genericos.csv
Amlodipina,5535885,"Amlodipina Generis MG, 10 mg Blister 60 Unidade(s) Comp...[60]",6.0,genericos.csv
Amlodipina,5254412,"Amlodipina Krka MG, 10 mg Blister 60 Unidade(s) Comp...[60]",6.0,genericos.csv
Amlodipina,5302914,"Amlodipina Mylan MG, 10 mg Blister 60 Unidade(s) Comp...[60]",6.0,genericos.csv
Amlodipina,5004593,"Amlodipina Azevedos MG, 10 mg Blister 30 Unidade(s) Comp...[30]",2.0,genericos.csv
Amlodipina,5302872,"Amlodipina Mylan MG, 5 mg Blister 60 Unidade(s) Comp...[60]",2.0,genericos.csv
Amlodipina,5673843,"Amlodipina + Valsartan Aurovitas MG, 5/160 mg x 56 comp rev...[56]",1.0,genericos.csv
Amlodipina,5684790,"Amlodipina Farmoz MG, 5 mg Blister 60 Unidade(s) Comp...[60]",1.0,genericos.csv
Atorvastatina,5261656,"Atorvastatina Krka MG, 20 mg Blister 28 Unidade(s) Comp revest pelic...[28]",727.0,genericos.csv
Atorvastatina,5061106,"Atorvastatina Tecnigen MG, 20 mg Blister 28 Unidade(s) Comp revest pelic...[28]",348.0,genericos.csv
Atorvastatina,5261722,"Atorvastatina Krka MG, 40 mg Blister 28 Unidade(s) Comp revest pelic...[28]",339.0,genericos.csv
Atorvastatina,5313309,"Atorvastatina Sandoz MG, 20 mg Blister 28 Unidade(s) Comp revest pelic...[28]",311.0,genericos.csv
Atorvastatina,5261615,"Atorvastatina Krka MG, 10 mg Blister 56 Unidade(s) Comp revest pelic...[56]",295.0,genericos.csv
Atorvastatina,5069463,"Atorvastatina Farmoz MG, 20 mg Blister 28 Unidade(s) Comp revest pelic...[28]",274.0,genericos.csv
Atorvastatina,5069539,"Atorvastatina Farmoz MG, 40 mg Blister 28 Unidade(s) Comp revest pelic...[28]",273.0,genericos.csv
Atorvastatina,5061130,"Atorvastatina Tecnigen MG, 40 mg Blister 28 Unidade(s) Comp revest pelic...[28]",207.0,genericos.csv
Atorvastatina,5863329,"Atorvastatina Tolife MG, 20 mg Blister em dose unitária 28 Unidade(s) Comp revest pelic...[28]",163.0,genericos.csv
Atorvastatina,5642822,"Atorvastatina Zentiva MG, 80 mg Blister 28 Unidade(s) Comp revest pelic...[28]",141.0,genericos.csv
Atorvastatina,5808860,"Atorvastatina Pharmakern MG, 20 mg Blister 56 Unidade(s) Comp revest pelic...[56]",139.0,genericos.csv
Atorvastatina,5863337,"Atorvastatina Tolife MG, 40 mg Blister em dose unitária 28 Unidade(s) Comp revest pelic...[28]",129.0,genericos.csv
Atorvastatina,5313275,"Atorvastatina Sandoz MG, 10 mg Blister 56 Unidade(s) Comp revest pelic...[56]",125.0,genericos.csv
Atorvastatina,5313325,"Atorvastatina Sandoz MG, 40 mg Blister 28 Unidade(s) Comp revest pelic...[28]",124.0,genericos.csv
Atorvastatina,5642848,"Atorvastatina Zentiva MG, 20 mg Blister 28 Unidade(s) Comp revest pelic...[28]",121.0,genericos.csv
Atorvastatina,5069422,"Atorvastatina Farmoz MG, 10 mg Blister 56 Unidade(s) Comp revest pelic...[56]",107.0,genericos.csv
Atorvastatina,5260559,"Atorvastatina Azevedos MG, 20 mg Blister 28 Unidade(s) Comp revest pelic...[28]",98.0,genericos.csv
Atorvastatina,5061064,"Atorvastatina Tecnigen MG, 10 mg Blister 56 Unidade(s) Comp revest pelic...[56]",98.0,genericos.csv
Atorvastatina,5863311,"Atorvastatina Tolife MG, 10 mg Blister em dose unitária 56 Unidade(s) Comp revest pelic...[56]",84.0,genericos.csv
Atorvastatina,5260575,"Atorvastatina Azevedos MG, 40 mg Blister 28 Unidade(s) Comp revest pelic...[28]",74.0,genericos.csv
Atorvastatina,5069224,"Atorvastatina Ocram MG, 20 mg Blister 28 Unidade(s) Comp revest pelic...[28]",69.0,genericos.csv
Atorvastatina,5642830,"Atorvastatina Zentiva MG, 40 mg Blister 28 Unidade(s) Comp revest pelic...[28]",64.0,genericos.csv
Atorvastatina,5678776,"Atorvastatina Ciclum MG, 20 mg Blister 28 Unidade(s) Comp revest pelic...[28]",55.0,genericos.csv
Atorvastatina,5806948,"Atorvastatina Aurobindo MG, 10 mg Blister 56 Unidade(s) Comp revest pelic...[56]",32.0,genericos.csv
Atorvastatina,5783956,"Atorvastatina Aurovitas MG, 20 mg Blister 28 Unidade(s) Comp revest pelic...[28]",32.0,genericos.csv
Atorvastatina,5642863,"Atorvastatina Zentiva MG, 10 mg Blister 56 Unidade(s) Comp revest pelic...[56]",22.0,genericos.csv
Atorvastatina,5863345,"Atorvastatina Tolife MG, 80 mg Blister em dose unitária 28 Unidade(s) Comp revest pelic...[28]",21.0,genericos.csv
Atorvastatina,5069273,"Atorvastatina Ocram MG, 40 mg Blister 28 Unidade(s) Comp revest pelic...[28]",20.0,genericos.csv
Atorvastatina,5129622,"Atorvastatina Upjohn MG, 20 mg Blister 56 Unidade(s) Comp revest pelic...[56]",15.0,genericos.csv
Atorvastatina,5800115,"Atorvastatina Generis Phar MG, 20 mg Blister 28 Unidade(s) Comp revest pelic...[28]",14.0,genericos.csv
Atorvastatina,5060769,"Atorvastatina Tetrafarma MG, 10 mg Blister 56 Unidade(s) Comp revest pelic...[56]",14.0,genericos.csv
Atorvastatina,5877733,"Atorvastatina + Ezetimiba Sandoz Farmacêutica MG, 40 mg + 10 mg Blister 30 Unidade(s) Comp revest pelic...[30]",13.0,genericos.csv
Atorvastatina,5806963,"Atorvastatina Aurobindo MG, 40 mg Blister 28 Unidade(s) Comp revest pelic...[28]",11.0,genericos.csv
Atorvastatina,5783949,"Atorvastatina Aurovitas MG, 10 mg Blister 50 Unidade(s) Comp revest pelic...[50]",10.0,genericos.csv
Atorvastatina,5877675,"Atorvastatina + Ezetimiba Sandoz Farmacêutica MG, 10 mg + 10 mg Blister 30 Unidade(s) Comp revest pelic...[30]",9.0,genericos.csv
Atorvastatina,5060801,"Atorvastatina Tetrafarma MG, 20 mg Blister 28 Unidade(s) Comp revest pelic...[28]",6.0,genericos.csv
Atorvastatina,5260542,"Atorvastatina Azevedos MG, 10 mg Blister 56 Unidade(s) Comp revest pelic...[56]",5.0,genericos.csv
Atorvastatina,5900105,"Atorvastatina Mylan MG, 10 mg Blister 56 Unidade(s) Comp revest pelic...[56]",5.0,genericos.csv
Atorvastatina,5317052,"Atorvastatina Teva MG, 20 mg Blister 28 Unidade(s) Comp revest pelic...[28]",5.0,genericos.csv
Atorvastatina,5434857,"Atorvastatina Mylan MG, 10 mg Frasco 56 Unidade(s) Comp revest pelic...[56]",4.0,genericos.csv
Atorvastatina,5434923,"Atorvastatina Mylan MG, 40 mg Frasco 28 Unidade(s) Comp revest pelic...[28]",3.0,genericos.csv
Atorvastatina,5416664,"Atorvastatina Ratiopharm MG, 20 mg Blister 28 Unidade(s) Comp revest pelic...[28]",2.0,genericos.csv
Atorvastatina,5317037,"Atorvastatina Teva MG, 10 mg Blister 56 Unidade(s) Comp revest pelic...[56]",2.0,genericos.csv
Atorvastatina,5317102,"Atorvastatina Teva MG, 40 mg Blister 28 Unidade(s) Comp revest pelic...[28]",2.0,genericos.csv
Bilastina,5823810,"Bilastina Farmoz MG, 20 mg Blister 20 Unidade(s) Comp...[20]",261.0,genericos.csv
Bilastina,5920210,"Bilastina Allerzin MG, 20 mg Blister 20 Unidade(s) Comp...[20]",97.0,genericos.csv
Bilastina,5816525,"Bilastina Pharmakern MG, 20 mg Blister 20 Unidade(s) Comp...[20]",60.0,genericos.csv
Bilastina,5820774,"Bilastina Tolife MG, 20 mg Blister 20 Unidade(s) Comp...[20]",46.0,genericos.csv
Bilastina,5843958,"Bilastina Generis MG, 20 mg Blister 20 Unidade(s) Comp...[20]",19.0,genericos.csv
Bisoprolol,5065487,"Bisoprolol Sandoz MG, 5 mg Blister 56 Unidade(s) Comp revest pelic...[56]",428.0,genericos.csv
Bisoprolol,5602446,"Bisoprolol Krka MG, 2.5 mg Blister 30 Unidade(s) Comp revest pelic...[30]",257.0,genericos.csv
Bisoprolol,5587076,"Bisoprolol Krka MG, 5 mg Blister 28 Unidade(s) Comp revest pelic...[28]",204.0,genericos.csv
Bisoprolol,5817069,"Bisoprolol Zentiva MG, 2.5 mg Blister 60 Unidade(s) Comp...[60]",176.0,genericos.csv
Bisoprolol,5341672,"Bisoprolol Aurobindo MG, 2.5 mg Blister 60 Unidade(s) Comp revest pelic...[60]",103.0,genericos.csv
Bisoprolol,5352414,"Bisoprolol Mylan MG, 5 mg Blister 56 Unidade(s) Comp revest pelic...[56]",38.0,genericos.csv
Bisoprolol,5725445,"Bisoprolol toLife MG, 5 mg Blister 60 Unidade(s) Comp...[60]",36.0,genericos.csv
Bisoprolol,5725379,"Bisoprolol toLife MG, 2.5 mg Blister 60 Unidade(s) Comp...[60]",32.0,genericos.csv
Bisoprolol,5113881,"Bisoprolol Sandoz MG, 10 mg Blister 56 Unidade(s) Comp revest pelic...[56]",24.0,genericos.csv
Bisoprolol,5819115,"Bisoprolol Zentiva MG, 1.25 mg Blister 60 Unidade(s) Comp...[60]",21.0,genericos.csv
Bisoprolol,5586946,"Bisoprolol Krka MG, 10 mg Blister 28 Unidade(s) Comp revest pelic...[28]",18.0,genericos.csv
Bisoprolol,5898903,"Bisoprolol Aquizent MG, 2.5 mg Blister 30 Unidade(s) Comp...[30]",10.0,genericos.csv
Bisoprolol,5742457,"Bisoprolol Generis MG, 5 mg Blister 30 Unidade(s) Comp revest pelic...[30]",4.0,genericos.csv
Bisoprolol,5290598,"Bisoprolol Jaba 5 mg Comprimidos revestidos MG, 5 mg Blister 56 Unidade(s) Comp revest...[56]",4.0,genericos.csv
Bisoprolol,5201819,"Bisoprolol Ciclum MG, 5 mg Blister 56 Unidade(s) Comp revest pelic...[56]",2.0,genericos.csv
Clopidogrel,5238324,"Clopidogrel Krka MG, 75 mg Blister 28 Unidade(s) Comp revest pelic...[28]",211.0,genericos.csv
Clopidogrel,5269832,"Clopidogrel Tecnigen MG, 75 mg Blister 28 Unidade(s) Comp revest pelic...[28]",143.0,genericos.csv
Clopidogrel,5223151,"Clopidogrel Adapes MG, 75 mg Blister 28 Unidade(s) Comp revest pelic...[28]",62.0,genericos.csv
Clopidogrel,5194311,"Clopidogrel toLife MG, 75 mg Blister 28 Unidade(s) Comp revest pelic...[28]",56.0,genericos.csv
Clopidogrel,5207717,"Clopidogrel Krival MG, 75 mg Blister 28 Unidade(s) Comp revest pelic...[28]",55.0,genericos.csv
Clopidogrel,5207550,"Clopidogrel Sandoz MG, 75 mg Blister 28 Unidade(s) Comp revest pelic...[28]",16.0,genericos.csv
Clopidogrel,5193636,"Clopidogrel Farmoz MG, 75 mg Blister 28 Unidade(s) Comp revest pelic...[28]",13.0,genericos.csv
Clopidogrel,5727656,"Clopidogrel Labesfal MG, 75 mg Blister 28 Unidade(s) Comp revest pelic...[28]",10.0,genericos.csv
Clopidogrel,5267414,"Clopidogrel Kaissan MG, 75 mg Blister 28 Unidade(s) Comp revest pelic...[28]",3.0,genericos.csv
Clopidogrel,5269873,"Clopidogrel Refta MG, 75 mg Blister 28 Unidade(s) Comp revest pelic...[28]",3.0,genericos.csv
Duloxetina,5634738,"Duloxetina toLife MG, 60 mg Blister 28 Unidade(s) Caps GR...[28]",251.0,genericos.csv
Duloxetina,5634159,"Duloxetina Krka MG, 60 mg Blister 28 Unidade(s) Caps GR...[28]",178.0,genericos.csv
Duloxetina,5799648,"Duloxetina Zentiva MG, 60 mg Blister 28 Unidade(s) Caps GR...[28]",103.0,genericos.csv
Duloxetina,5634134,"Duloxetina Krka MG, 30 mg Blister 28 Unidade(s) Caps GR...[28]",89.0,genericos.csv
Duloxetina,5754122,"Duloxetina Generis MG, 60 mg Blister 28 Unidade(s) Caps GR...[28]",33.0,genericos.csv
Duloxetina,5644018,"Duloxetina Aurovitas MG, 60 mg Blister 28 Unidade(s) Caps GR...[28]",16.0,genericos.csv
Duloxetina,5634670,"Duloxetina toLife MG, 30 mg Blister 28 Unidade(s) Caps GR...[28]",14.0,genericos.csv
Duloxetina,5642020,"Duloxetina Farmoz MG, 30 mg x 28 cáps gastrorresistente...[28]",9.0,genericos.csv
Duloxetina,5634662,"Duloxetina toLife MG, 30 mg Blister 7 Unidade(s) Caps GR...[7]",7.0,genericos.csv
Duloxetina,5779319,"Duloxetina Teva MG, 30 mg Blister 28 Unidade(s) Caps GR...[28]",3.0,genericos.csv
Duloxetina,5762075,"Duloxetina Viatris MG, 30 mg Blister 7 Unidade(s) Caps GR...[7]",2.0,genericos.csv
Escitalopram,5451539,"Escitalopram toLife MG, 10 mg Blister 56 Unidade(s) Comp revest pelic...[56]",70.0,genericos.csv
Escitalopram,5392915,"Escitalopram Sandoz MG, 20 mg Blister 56 Unidade(s) Comp revest pelic...[56]",68.0,genericos.csv
Escitalopram,5307269,"Escitalopram Tecnigen MG, 10 mg Blister 56 Unidade(s) Comp revest pelic...[56]",67.0,genericos.csv
Escitalopram,5451810,"Escitalopram Farmoz MG, 10 mg Blister 56 Unidade(s) Comp revest pelic...[56]",64.0,genericos.csv
Escitalopram,5392865,"Escitalopram Sandoz MG, 10 mg Blister 56 Unidade(s) Comp revest pelic...[56]",48.0,genericos.csv
Escitalopram,5451851,"Escitalopram Farmoz MG, 20 mg Blister 56 Unidade(s) Comp revest pelic...[56]",33.0,genericos.csv
Escitalopram,5224910,"Escitalopram Krka MG, 20 mg Blister 56 Unidade(s) Comp revest pelic...[56]",30.0,genericos.csv
Escitalopram,5451570,"Escitalopram toLife MG, 20 mg Blister 56 Unidade(s) Comp revest pelic...[56]",29.0,genericos.csv
Escitalopram,5224829,"Escitalopram Krka MG, 10 mg Blister 56 Unidade(s) Comp revest pelic...[56]",19.0,genericos.csv
Escitalopram,5470018,"Escitalopram Alter Genéricos MG, 20 mg Blister 56 Unidade(s) Comp revest pelic...[56]",17.0,genericos.csv
Escitalopram,5719422,"Escitalopram Generis MG, 10 mg Blister 56 Unidade(s) Comp revest pelic...[56]",12.0,genericos.csv
Escitalopram,5451943,"Escitalopram Clamed MG, 10 mg Blister 56 Unidade(s) Comp revest pelic...[56]",7.0,genericos.csv
Escitalopram,5606041,"Escitalopram ratiopharm MG, 20 mg Blister 56 Unidade(s) Comp revest pelic...[56]",7.0,genericos.csv
Escitalopram,5183652,"Escitalopram Teva MG, 10 mg Blister 56 Unidade(s) Comp revest pelic...[56]",6.0,genericos.csv
Escitalopram,5450556,"Escitalopram Clamed MG, 20 mg Blister 56 Unidade(s) Comp revest pelic...[56]",5.0,genericos.csv
Escitalopram,5469812,"Escitalopram Alter Genéricos MG, 10 mg Blister 56 Unidade(s) Comp revest pelic...[56]",4.0,genericos.csv
Escitalopram,5451406,"Escitalopram Tetrafarma MG, 10 mg Blister 56 Unidade(s) Comp revest pelic...[56]",4.0,genericos.csv
Escitalopram,5224761,"Escitalopram Krka MG, 10 mg Blister 14 Unidade(s) Comp revest pelic...[14]",2.0,genericos.csv
Escitalopram,5594353,"Escitalopram Aurobindo MG, 20 mg Blister 56 Unidade(s) Comp revest pelic...[56]",1.0,genericos.csv
Escitalopram,5306741,"Escitalopram Bluepharma MG, 20 mg Blister 56 Unidade(s) Comp revest pelic...[56]",1.0,genericos.csv
Escitalopram,5719505,"Escitalopram Generis MG, 20 mg Blister 56 Unidade(s) Comp revest pelic...[56]",1.0,genericos.csv
Esomeprazol,5289517,"Esomeprazol Krka MG, 20 mg Blister 56 Unidade(s) Caps GR...[56]",220.0,genericos.csv
Esomeprazol,5289657,"Esomeprazol Krka MG, 40 mg Blister 56 Unidade(s) Caps GR...[56]",90.0,genericos.csv
Esomeprazol,5899075,"Esomeprazol Generis MG, 20 mg Blister 56 Unidade(s) Caps GR...[56]",44.0,genericos.csv
Esomeprazol,5702360,"Esomeprazol Lumec MG, 40 mg Blister 56 Unidade(s) Caps GR...[56]",37.0,genericos.csv
Esomeprazol,5702055,"Esomeprazol Lumec MG, 20 mg Blister 56 Unidade(s) Caps GR...[56]",32.0,genericos.csv
Esomeprazol,5899109,"Esomeprazol Generis MG, 40 mg Blister 56 Unidade(s) Caps GR...[56]",26.0,genericos.csv
Esomeprazol,5289442,"Esomeprazol Krka MG, 20 mg Blister 14 Unidade(s) Caps GR...[14]",18.0,genericos.csv
Esomeprazol,5286448,"Esomeprazol Sandoz MG, 20 mg Blister 56 Unidade(s) Caps GR...[56]",12.0,genericos.csv
Esomeprazol,5702014,"Esomeprazol Lumec MG, 20 mg Blister 14 Unidade(s) Caps GR...[14]",8.0,genericos.csv
Esomeprazol,5751433,"Esomeprazol Aristo MG, 40 mg Blister 56 Unidade(s) Caps GR...[56]",7.0,genericos.csv
Esomeprazol,5320601,"Esomeprazol Ratiopharm MG, 20 mg Blister 56 Unidade(s) Caps GR...[56]",3.0,genericos.csv
Esomeprazol,5286521,"Esomeprazol Sandoz MG, 40 mg Blister 56 Unidade(s) Caps GR...[56]",2.0,genericos.csv
Esomeprazol,5751425,"Esomeprazol Aristo MG, 20 mg Blister 56 Unidade(s) Caps GR...[56]",1.0,genericos.csv
Esomeprazol,5286307,"Esomeprazol Generis MG, 20 mg x 56 cáps gastrorresistente...[56]",1.0,genericos.csv
Esomeprazol,5286422,"Esomeprazol Sandoz MG, 20 mg Blister 14 Unidade(s) Caps GR...[14]",1.0,genericos.csv
Furosemida,5743984,"Furosemida Sandoz MG, 40 mg Blister 60 Unidade(s) Comp...[60]",369.0,genericos.csv
Furosemida,5824412,"Furosemida Farmoz MG, 40 mg Blister 60 Unidade(s) Comp...[60]",82.0,genericos.csv
Furosemida,5836317,"Furosemida tolife MG, 40 mg Blister 60 Unidade(s) Comp...[60]",16.0,genericos.csv
Furosemida,5124078,"Furosemida Pharmakern MG, 40 mg Blister 60 Unidade(s) Comp...[60]",9.0,genericos.csv
Furosemida,5505284,"Furosemida Ratiopharm MG, 40 mg Blister 60 Unidade(s) Comp...[60]",8.0,genericos.csv
Furosemida,5765722,"Furosemida Generis MG, 40 mg Blister 60 Unidade(s) Comp...[60]",2.0,genericos.csv
Gabapentina,5014113,"Gabapentina toLife MG, 100 mg Blister 60 Unidade(s) Caps...[60]",79.0,genericos.csv
Gabapentina,3847399,"Gabapentina Gabamox 100 mg Cápsulas MG, 100 mg Blister 60 Unidade(s) Caps...[60]",71.0,genericos.csv
Gabapentina,5014147,"Gabapentina toLife MG, 300 mg Blister 60 Unidade(s) Caps...[60]",68.0,genericos.csv
Gabapentina,3847894,"Gabapentina Farmoz 300 mg Cápsulas MG, 300 mg Blister 60 Unidade(s) Caps...[60]",56.0,genericos.csv
Gabapentina,3847993,"Gabapentina Farmoz 400 mg Cápsulas MG, 400 mg Blister 60 Unidade(s) Caps...[60]",56.0,genericos.csv
Gabapentina,5017033,"Gabapentina ToLife MG, 600 mg Blister 60 Unidade(s) Comp revest pelic...[60]",33.0,genericos.csv
Gabapentina,5014170,"Gabapentina toLife MG, 400 mg Blister 60 Unidade(s) Caps...[60]",28.0,genericos.csv
Gabapentina,5014006,"Gabapentina Farmoz MG, 600 mg Blister 60 Unidade(s) Comp revest pelic...[60]",27.0,genericos.csv
Gabapentina,3847795,"Gabapentina Farmoz 100 mg Cápsulas MG, 100 mg Blister 60 Unidade(s) Caps...[60]",26.0,genericos.csv
Gabapentina,5016977,"Gabapentina Gabamox MG, 800 mg Blister 60 Unidade(s) Comp revest pelic...[60]",23.0,genericos.csv
Gabapentina,5722202,"Gabapentina Generis MG, 300 mg Blister 60 Unidade(s) Caps...[60]",14.0,genericos.csv
Gabapentina,5896733,"Gabapentina ratiopharm MG, 100 mg Blister 60 Unidade(s) Caps...[60]",7.0,genericos.csv
Gabapentina,5278882,"Gabapentina Ratiopharm 100 mg Cápsulas MG, 100 mg Blister 60 Unidade(s) Caps...[60]",7.0,genericos.csv
Gabapentina,3847498,"Gabapentina Gabamox 300 mg Cápsulas MG, 300 mg Blister 60 Unidade(s) Caps...[60]",6.0,genericos.csv
Ibuprofeno,5515184,"Ibuprofeno Generis MG, 600 mg Blister 20 Unidade(s) Comp revest...[20]",146.0,genericos.csv
Ibuprofeno,4457388,"Ibuprofeno Generis MG, 600 mg Blister 60 Unidade(s) Comp revest...[60]",120.0,genericos.csv
Ibuprofeno,5218631,"Ibuprofeno Sandoz MG, 600 mg Blister 60 Unidade(s) Comp revest pelic...[60]",54.0,genericos.csv
Ibuprofeno,5218623,"Ibuprofeno Sandoz MG, 600 mg Blister 20 Unidade(s) Comp revest pelic...[20]",39.0,genericos.csv
Ibuprofeno,5772181,"Ibuprofeno Generis MG, 400 mg Blister 20 Unidade(s) Comp revest pelic...[20]",24.0,genericos.csv
Ibuprofeno,5120589,"Ibuprofeno Generis MG, 400 mg Blister 60 Unidade(s) Comp revest pelic...[60]",16.0,genericos.csv
Ibuprofeno,5218607,"Ibuprofeno Sandoz MG, 400 mg Blister 20 Unidade(s) Comp revest pelic...[20]",9.0,genericos.csv
Ibuprofeno,5218615,"Ibuprofeno Sandoz MG, 400 mg Blister 60 Unidade(s) Comp revest pelic...[60]",9.0,genericos.csv
Ibuprofeno,5314463,"Ibuprofeno toLife MG, 400 mg 20 Saqueta Granul sol oral...[20]",9.0,genericos.csv
Ibuprofeno,5917885,"Ibuprofeno Pharmakern MG, 600 mg 20 Saqueta Granul eferv...[20]",7.0,genericos.csv
Ibuprofeno,5218565,"Ibuprofeno Sandoz MG, 200 mg Blister 20 Unidade(s) Comp revest pelic...[20]",3.0,genericos.csv
Ibuprofeno,5218573,"Ibuprofeno Sandoz MG, 200 mg Blister 60 Unidade(s) Comp revest pelic...[60]",2.0,genericos.csv
Ibuprofeno,5218532,"Ibuprofeno Pharmakern MG, 400 mg Blister 60 Unidade(s) Comp revest pelic...[60]",1.0,genericos.csv
Ibuprofeno,5219332,"Ibuprofeno toLife MG, 400 mg Blister 60 Unidade(s) Comp revest pelic...[60]",1.0,genericos.csv
Lercanidipina,5239603,"Lercanidipina Mylan MG, 20 mg Blister 28 Unidade(s) Comp revest pelic...[28]",124.0,genericos.csv
Lercanidipina,5623855,"Lercanidipina Sandoz MG, 10 mg Blister 56 Unidade(s) Comp revest pelic...[56]",116.0,genericos.csv
Lercanidipina,5239579,"Lercanidipina Mylan MG, 10 mg Blister 56 Unidade(s) Comp revest pelic...[56]",87.0,genericos.csv
Lercanidipina,5251400,"Lercanidipina Farmoz MG, 10 mg Blister 56 Unidade(s) Comp revest pelic...[56]",85.0,genericos.csv
Lercanidipina,5623863,"Lercanidipina Sandoz MG, 20 mg Blister 28 Unidade(s) Comp revest pelic...[28]",71.0,genericos.csv
Lercanidipina,5251426,"Lercanidipina Farmoz MG, 20 mg Blister 28 Unidade(s) Comp revest pelic...[28]",62.0,genericos.csv
Lercanidipina,5289756,"Lercanidipina Ciclum MG, 10 mg Blister 56 Unidade(s) Comp revest pelic...[56]",27.0,genericos.csv
Lercanidipina,5894712,"Lercanidipina toLife MG, 10 mg Blister 56 Unidade(s) Comp revest pelic...[56]",25.0,genericos.csv
Lercanidipina,5289772,"Lercanidipina Ciclum MG, 20 mg Blister 28 Unidade(s) Comp revest pelic...[28]",14.0,genericos.csv
Lercanidipina,5894720,"Lercanidipina toLife MG, 20 mg Blister 28 Unidade(s) Comp revest pelic...[28]",5.0,genericos.csv
Lercanidipina,5239546,"Lercanidipina Aurovitas MG, 20 mg Blister 28 Unidade(s) Comp revest pelic...[28]",3.0,genericos.csv
Metformina,5174586,"Metformina Sandoz MG, 1000 mg Blister 60 Unidade(s) Comp revest pelic...[60]",395.0,genericos.csv
Metformina,4985685,"Metformina Sandoz MG, 850 mg Blister 60 Unidade(s) Comp revest pelic...[60]",275.0,genericos.csv
Metformina,5755673,"Metformina ToLife MG, 500 mg Blister 60 Unidade(s) Comp revest pelic...[60]",227.0,genericos.csv
Metformina,5731476,"Metformina Generis MG, 500 mg Blister 60 Unidade(s) Comp revest pelic...[60]",102.0,genericos.csv
Metformina,5755707,"Metformina ToLife MG, 850 mg Blister 60 Unidade(s) Comp revest pelic...[60]",68.0,genericos.csv
Metformina,5304431,"Metformina Mylan MG, 500 mg Blister 60 Unidade(s) Comp revest pelic...[60]",66.0,genericos.csv
Metformina,5755715,"Metformina ToLife MG, 1000 mg Blister 60 Unidade(s) Comp revest pelic...[60]",28.0,genericos.csv
Metformina,5563689,"Metformina Ratiopharm MG, 500 mg Blister 60 Unidade(s) Comp revest pelic...[60]",21.0,genericos.csv
Metformina,5304472,"Metformina Mylan MG, 1000 mg Blister 60 Unidade(s) Comp revest pelic...[60]",20.0,genericos.csv
Metformina,5171533,"Metformina Aurobindo MG, 1000 mg Blister 60 Unidade(s) Comp revest pelic...[60]",14.0,genericos.csv
Metformina,5080262,"Metformina Zentiva MG, 1000 mg Blister 60 Unidade(s) Comp revest pelic...[60]",12.0,genericos.csv
Metformina,5818869,"Metformina + Vildagliptina Krka MG, 1000 mg + 50 mg Blister 60 Unidade(s) Comp revest pelic...[60]",11.0,genericos.csv
Metformina,5809314,"Metformina + Vildagliptina Pharmakern MG, 1000 mg + 50 mg Blister 60 Unidade(s) Comp revest pelic...[60]",5.0,genericos.csv
Metformina,5811849,"Metformina + Vildagliptina Sandoz MG, 1000 mg + 50 mg Blister 60 Unidade(s) Comp revest pelic...[60]",3.0,genericos.csv
Metformina,5731518,"Metformina Generis MG, 1000 mg Blister 60 Unidade(s) Comp revest pelic...[60]",3.0,genericos.csv
Metformina,5062369,"Metformina Ciclum MG, 500 mg Blister 20 Unidade(s) Comp revest pelic...[20]",1.0,genericos.csv
Mirtazapina,5850193,"Mirtazapina Psidep MG, 15 mg Blister 56 Unidade(s) Comp revest...[56]",157.0,genericos.csv
Mirtazapina,5879390,"Mirtazapina Psidep MG, 30 mg Blister 56 Unidade(s) Comp revest...[56]",107.0,genericos.csv
Mirtazapina,5362983,"Mirtazapina Krka MG, 30 mg Blister 60 Unidade(s) Comp revest pelic...[60]",49.0,genericos.csv
Mirtazapina,5652391,"Mirtazapina Farmoz MG, 15 mg Blister 30 Unidade(s) Comp revest pelic...[30]",39.0,genericos.csv
Mirtazapina,5879564,"Mirtazapina Sandoz MG, 15 mg Blister 60 Unidade(s) Comp revest pelic...[60]",39.0,genericos.csv
Mirtazapina,5653191,"Mirtazapina Farmoz 30 mg Comprimidos MG, 30 mg Blister 30 Unidade(s) Comp revest pelic...[30]",38.0,genericos.csv
Mirtazapina,5659099,"Mirtazapina ToLife 30 mg Comprimidos MG, 30 mg Blister 30 Unidade(s) Comp revest pelic...[30]",27.0,genericos.csv
Mirtazapina,5954888,"Mirtazapina KRKA MG, 15 mg Blister 60 Unidade(s) Comp orodisp...[60]",25.0,genericos.csv
Mirtazapina,5106935,"Mirtazapina Generis MG, 30 mg Blister 30 Unidade(s) Comp orodisp...[30]",23.0,genericos.csv
Mirtazapina,5644612,"Mirtazapina Aurovitas MG, 15 mg Blister 56 Unidade(s) Comp revest pelic...[56]",22.0,genericos.csv
Mirtazapina,5053046,"Mirtazapina Sandoz MG, 30 mg Blister 30 Unidade(s) Comp orodisp...[30]",21.0,genericos.csv
Mirtazapina,5955588,"Mirtazapina KRKA MG, 30 mg Blister 60 Unidade(s) Comp orodisp...[60]",18.0,genericos.csv
Mirtazapina,5053020,"Mirtazapina Sandoz MG, 15 mg Blister 30 Unidade(s) Comp orodisp...[30]",18.0,genericos.csv
Mirtazapina,5719836,"Mirtazapina Generis MG, 15 mg Blister 30 Unidade(s) Comp revest pelic...[30]",17.0,genericos.csv
Mirtazapina,5947783,"Mirtazapina Alter MG, 45 mg Blister 30 Unidade(s) Comp orodisp...[30]",16.0,genericos.csv
Mirtazapina,5658299,"Mirtazapina ToLife 15 mg Comprimidos MG, 15 mg Blister 30 Unidade(s) Comp revest pelic...[30]",15.0,genericos.csv
Mirtazapina,5956081,"Mirtazapina KRKA MG, 45 mg Blister 30 Unidade(s) Comp orodisp...[30]",11.0,genericos.csv
Mirtazapina,5042478,"Mirtazapina Mylan MG, 15 mg Blister 30 Unidade(s) Comp orodisp...[30]",8.0,genericos.csv
Mirtazapina,5879572,"Mirtazapina Sandoz MG, 30 mg Blister 60 Unidade(s) Comp revest pelic...[60]",6.0,genericos.csv
Mirtazapina,5087945,"Mirtazapina Aurobindo MG, 15 mg Blister 30 Unidade(s) Comp orodisp...[30]",3.0,genericos.csv
Mirtazapina,5106976,"Mirtazapina Generis MG, 45 mg Blister 30 Unidade(s) Comp orodisp...[30]",1.0,genericos.csv
Mirtazapina,5204193,"Mirtazapina Psidep MG, 15 mg Blister 14 Unidade(s) Comp revest...[14]",1.0,genericos.csv
Omeprazol,5198148,"Omeprazol toLife MG, 20 mg Blister 56 Unidade(s) Caps GR...[56]",426.0,genericos.csv
Omeprazol,5930888,"Omeprazol Sandoz MG, 20 mg Blister 56 Unidade(s) Caps GR...[56]",239.0,genericos.csv
Omeprazol,5879341,"Omeprazol Tecnigen MG, 20 mg Blister 60 Unidade(s) Caps GR...[60]",209.0,genericos.csv
Omeprazol,2245397,"Omeprazol Mepraz MG, 20 mg Frasco 60 Unidade(s) Caps GR...[60]",115.0,genericos.csv
Omeprazol,5283072,"Omeprazol Krka MG, 20 mg Blister 56 Unidade(s) Caps GR...[56]",111.0,genericos.csv
Omeprazol,5680954,"Omeprazol Mylan MG, 20 mg Blister 56 Unidade(s) Caps GR...[56]",88.0,genericos.csv
Omeprazol,2175594,"Omeprazol Proclor 20 mg Cápsulas Gastrorresistentes MG, 20 mg Frasco 60 Unidade(s) Caps GR...[60]",77.0,genericos.csv
Omeprazol,3809191,"Omeprazol Farmoz MG, 20 mg Frasco 60 Unidade(s) Caps GR...[60]",75.0,genericos.csv
Omeprazol,5289111,"Omeprazol Ciclum MG, 20 mg Blister 56 Unidade(s) Caps GR...[56]",54.0,genericos.csv
Omeprazol,5283056,"Omeprazol Krka MG, 20 mg Blister 14 Unidade(s) Caps GR...[14]",40.0,genericos.csv
Omeprazol,5198221,"Omeprazol toLife MG, 40 mg Blister 56 Unidade(s) Caps GR...[56]",39.0,genericos.csv
Omeprazol,5266580,"Omeprazol Aurovitas MG, 20 mg Frasco 56 Unidade(s) Caps GR...[56]",30.0,genericos.csv
Omeprazol,5769971,"Omeprazol Zentiva MG, 20 mg Blister 56 Unidade(s) Caps GR...[56]",27.0,genericos.csv
Omeprazol,4821690,"Omeprazol GP MG, 20 mg Blister 56 Unidade(s) Caps GR...[56]",18.0,genericos.csv
Omeprazol,5032495,"Omeprazol Gasec MG, 20 mg Blister 56 Unidade(s) Caps GR...[56]",16.0,genericos.csv
Omeprazol,3870482,"Omeprazol Mylan MG, 40 mg x 56 cáps gastrorresistente...[56]",15.0,genericos.csv
Omeprazol,5406285,"Omeprazol Generis MG, 40 mg Blister 14 Unidade(s) Caps GR...[14]",7.0,genericos.csv
Omeprazol,5595566,"Omeprazol Zentiva MG, 10 mg Blister 56 Unidade(s) Caps GR...[56]",3.0,genericos.csv
Omeprazol,4877981,"Omeprazol Bluepharma MG, 20 mg Frasco 56 Unidade(s) Caps GR...[56]",2.0,genericos.csv
Omeprazol,5720941,"Omeprazol Alter MG, 20 mg Blister 56 Unidade(s) Caps GR...[56]",1.0,genericos.csv
Omeprazol,2978195,"Omeprazol Blixie MG, 20 mg Frasco 60 Unidade(s) Caps GR...[60]",1.0,genericos.csv
Pantoprazol,5045273,"Pantoprazol Sandoz MG, 20 mg Blister 56 Unidade(s) Comp GR...[56]",298.0,genericos.csv
Pantoprazol,5043161,"Pantoprazol KRKA MG, 20 mg Blister 60 Unidade(s) Comp GR...[60]",204.0,genericos.csv
Pantoprazol,5083654,"Pantoprazol Tecnigen MG, 40 mg Blister 60 Unidade(s) Comp GR...[60]",89.0,genericos.csv
Pantoprazol,5045315,"Pantoprazol Sandoz MG, 40 mg Blister 56 Unidade(s) Comp GR...[56]",86.0,genericos.csv
Pantoprazol,5083613,"Pantoprazol Tecnigen MG, 20 mg Blister 60 Unidade(s) Comp GR...[60]",70.0,genericos.csv
Pantoprazol,5043229,"Pantoprazol KRKA MG, 40 mg Blister 60 Unidade(s) Comp GR...[60]",68.0,genericos.csv
Pantoprazol,5099049,"Pantoprazol ToLife MG, 20 mg Frasco 56 Unidade(s) Comp GR...[56]",66.0,genericos.csv
Pantoprazol,5101001,"Pantoprazol Zentiva MG, 20 mg Blister 56 Unidade(s) Comp GR...[56]",52.0,genericos.csv
Pantoprazol,5099064,"Pantoprazol ToLife MG, 40 mg Frasco 56 Unidade(s) Comp GR...[56]",51.0,genericos.csv
Pantoprazol,5369046,"Pantoprazol Mylan MG, 20 mg Blister 56 Unidade(s) Comp GR...[56]",34.0,genericos.csv
Pantoprazol,5171616,"Pantoprazol Ratiopharm MG, 20 mg Blister 56 Unidade(s) Comp GR...[56]",31.0,genericos.csv
Pantoprazol,5043138,"Pantoprazol KRKA MG, 20 mg Blister 14 Unidade(s) Comp GR...[14]",18.0,genericos.csv
Pantoprazol,5838016,"Pantoprazol Lumec MG, 20 mg Blister 56 Unidade(s) Comp GR...[56]",18.0,genericos.csv
Pantoprazol,5043179,"Pantoprazol KRKA MG, 40 mg Blister 14 Unidade(s) Comp GR...[14]",14.0,genericos.csv
Pantoprazol,5838040,"Pantoprazol Lumec MG, 40 mg Blister 56 Unidade(s) Comp GR...[56]",12.0,genericos.csv
Pantoprazol,5326772,"Pantoprazol Digespan MG, 20 mg Blister 14 Unidade(s) Comp GR...[14]",10.0,genericos.csv
Pantoprazol,5719364,"Pantoprazol Generis MG, 20 mg Blister 56 Unidade(s) Comp GR...[56]",4.0,genericos.csv
Pantoprazol,5129242,"Pantoprazol ToLife MG, 40 mg Frasco 14 Unidade(s) Comp GR...[14]",4.0,genericos.csv
Pantoprazol,5101019,"Pantoprazol Zentiva MG, 40 mg Blister 56 Unidade(s) Comp GR...[56]",4.0,genericos.csv
Pantoprazol,5370267,"Pantoprazol Aurobindo MG, 20 mg Blister 56 Unidade(s) Comp GR...[56]",2.0,genericos.csv
Pantoprazol,5726542,"Pantoprazol Aurovitas MG, 20 mg Blister 56 Unidade(s) Comp GR...[56]",2.0,genericos.csv
Paracetamol,5118534,"Paracetamol Pharmakern MG, 1000 mg Blister 18 Unidade(s) Comp...[18]",416.0,genericos.csv
Paracetamol,5875638,"Paracetamol Sandoz MG, 1000 mg Blister 20 Unidade(s) Comp...[20]",185.0,genericos.csv
Paracetamol,2707297,"Paracetamol Generis MG, 500 mg Blister 20 Unidade(s) Comp...[20]",126.0,genericos.csv
Paracetamol,5721808,"Paracetamol Pentafarma MG, 1000 mg Blister 20 Unidade(s) Comp...[20]",84.0,genericos.csv
Paracetamol,5366547,"Paracetamol Sandoz Farmacêutica MG, 1000 mg Blister 20 Unidade(s) Comp...[20]",41.0,genericos.csv
Paracetamol,5592019,"Paracetamol Farmoz MG, 1000 mg Blister 20 Unidade(s) Comp...[20]",8.0,genericos.csv
Paracetamol,5321054,"Paracetamol Ciclum MG, 650 mg Blister 20 Unidade(s) Comp...[20]",5.0,genericos.csv
Paracetamol,5850375,"Paracetamol Nideran MG, 500 mg Blister 20 Unidade(s) Comp...[20]",1.0,genericos.csv
Perindopril,5215074,"Perindopril Krka MG, 4 mg Blister 30 Unidade(s) Comp...[30]",164.0,genericos.csv
Perindopril,5270061,"Perindopril Sandoz MG, 4 mg Blister 30 Unidade(s) Comp...[30]",72.0,genericos.csv
Perindopril,5052501,"Perindopril Krka MG, 8 mg Blister 30 Unidade(s) Comp...[30]",44.0,genericos.csv
Perindopril,5080304,"Perindopril Farmoz MG, 8 mg Blister 30 Unidade(s) Comp...[30]",43.0,genericos.csv
Perindopril,5270129,"Perindopril Sandoz MG, 8 mg Blister 30 Unidade(s) Comp...[30]",43.0,genericos.csv
Perindopril,5877568,"Perindopril + Indapamida + Amlodipina TAD MG, 10 mg + 2.5 mg + 10 mg Blister 30 Unidade(s) Comp...[30]",42.0,genericos.csv
Perindopril,5830427,"Perindopril TAD MG, 5 mg Blister 30 Unidade(s) Comp...[30]",25.0,genericos.csv
Perindopril,5831078,"Perindopril Mylan MG, 8 mg Blister 30 Unidade(s) Comp...[30]",24.0,genericos.csv
Perindopril,5216221,"Perindopril Farmoz MG, 4 mg Blister 30 Unidade(s) Comp...[30]",11.0,genericos.csv
Perindopril,5876230,"Perindopril + Indapamida + Amlodipina TAD MG, 5 mg + 1.25 mg + 5 mg Blister 30 Unidade(s) Comp...[30]",5.0,genericos.csv
Perindopril,5830435,"Perindopril TAD MG, 10 mg Blister 30 Unidade(s) Comp...[30]",5.0,genericos.csv
Perindopril,5696059,"Perindopril + Indapamida Mepha MG, 10 mg + 2.5 mg Recipiente para comprimidos 30 Unidade(s) Comp revest pelic...[30]",1.0,genericos.csv
Perindopril/Indapamida,5030176,"Perindopril/Indapamida Krka MG, 4 mg + 1.25 mg Blister 30 Unidade(s) Comp...[30]",182.0,genericos.csv
Perindopril/Indapamida,5382569,"Perindopril/Indapamida Krka MG, 8 mg + 2.5 mg Blister 30 Unidade(s) Comp...[30]",85.0,genericos.csv
Perindopril/Indapamida,5030036,"Perindopril/Indapamida Krka MG, 2 mg + 0.625 mg Blister 30 Unidade(s) Comp...[30]",34.0,genericos.csv
Perindopril/Indapamida,5080312,"Perindopril/Indapamida Farmoz MG, 2 mg + 0.625 mg Blister 30 Unidade(s) Comp...[30]",29.0,genericos.csv
Perindopril/Indapamida,5328943,"Perindopril/Indapamida Sandoz MG, 4 mg + 1.25 mg Blister 30 Unidade(s) Comp...[30]",29.0,genericos.csv
Perindopril/Indapamida,5591953,"Perindopril/Indapamida Farmoz MG, 8 mg + 2.5 mg Blister 30 Unidade(s) Comp...[30]",22.0,genericos.csv
Perindopril/Indapamida,5831243,"Perindopril/Indapamida TAD MG, 10 mg + 2.5 mg Blister 30 Unidade(s) Comp...[30]",22.0,genericos.csv
Perindopril/Indapamida,5831177,"Perindopril/Indapamida TAD MG, 5 mg + 1.25 mg Blister 30 Unidade(s) Comp...[30]",18.0,genericos.csv
Perindopril/Indapamida,5620935,"Perindopril/Indapamida Generis MG, 8 mg + 2.5 mg Blister 30 Unidade(s) Comp...[30]",16.0,genericos.csv
Perindopril/Indapamida,5080320,"Perindopril/Indapamida Farmoz MG, 4 mg + 1.25 mg Blister 30 Unidade(s) Comp...[30]",14.0,genericos.csv
Perindopril/Indapamida,5328935,"Perindopril/Indapamida Sandoz MG, 2 mg + 0.625 mg Blister 30 Unidade(s) Comp...[30]",6.0,genericos.csv
Perindopril/Indapamida,5757661,"Perindopril/Indapamida toLife MG, 4 mg + 1.25 mg Blister 30 Unidade(s) Comp...[30]",6.0,genericos.csv
Pregabalina,5631155,"Pregabalina Krka MG, 75 mg Blister 56 Unidade(s) Caps...[56]",129.0,genericos.csv
Pregabalina,5631122,"Pregabalina Krka MG, 50 mg Blister 56 Unidade(s) Caps...[56]",108.0,genericos.csv
Pregabalina,5732136,"Pregabalina Tecnigen MG, 50 mg Blister 56 Unidade(s) Caps...[56]",104.0,genericos.csv
Pregabalina,5631270,"Pregabalina Krka MG, 100 mg Blister 84 Unidade(s) Caps...[84]",84.0,genericos.csv
Pregabalina,5635602,"Pregabalina Farmoz MG, 25 mg Blister 56 Unidade(s) Caps...[56]",75.0,genericos.csv
Pregabalina,5631056,"Pregabalina Krka MG, 25 mg Blister 56 Unidade(s) Caps...[56]",75.0,genericos.csv
Pregabalina,5675020,"Pregabalina Tecnigen MG, 150 mg Blister 56 Unidade(s) Caps...[56]",57.0,genericos.csv
Pregabalina,5631437,"Pregabalina Krka MG, 150 mg Blister 56 Unidade(s) Caps...[56]",46.0,genericos.csv
Pregabalina,5635610,"Pregabalina Farmoz MG, 50 mg Blister 56 Unidade(s) Caps...[56]",45.0,genericos.csv
Pregabalina,5859145,"Pregabalina Sandoz MG, 100 mg Blister em dose unitária 84 Unidade(s) Caps...[84]",41.0,genericos.csv
Pregabalina,5660907,"Pregabalina Zentiva MG, 100 mg Blister 84 Unidade(s) Caps...[84]",39.0,genericos.csv
Pregabalina,5635636,"Pregabalina Farmoz MG, 75 mg Blister 56 Unidade(s) Caps...[56]",28.0,genericos.csv
Pregabalina,5635644,"Pregabalina Farmoz MG, 150 mg Blister 56 Unidade(s) Caps...[56]",17.0,genericos.csv
Pregabalina,5675012,"Pregabalina Tecnigen MG, 75 mg Blister 56 Unidade(s) Caps...[56]",13.0,genericos.csv
Pregabalina,5669437,"Pregabalina Azevedos MG, 225 mg Blister 56 Unidade(s) Caps...[56]",11.0,genericos.csv
Pregabalina,5635933,"Pregabalina Tolife MG, 75 mg Blister 56 Unidade(s) Caps...[56]",9.0,genericos.csv
Pregabalina,5742838,"Pregabalina Generis MG, 100 mg Blister 84 Unidade(s) Caps...[84]",7.0,genericos.csv
Pregabalina,5641352,"Pregabalina ratiopharm MG, 150 mg Blister 56 Unidade(s) Caps...[56]",6.0,genericos.csv
Pregabalina,5742820,"Pregabalina Generis MG, 75 mg Blister 56 Unidade(s) Caps...[56]",5.0,genericos.csv
Pregabalina,5631148,"Pregabalina Krka MG, 75 mg Blister 14 Unidade(s) Caps...[14]",4.0,genericos.csv
Pregabalina,5636063,"Pregabalina Tolife MG, 150 mg Blister 56 Unidade(s) Caps...[56]",4.0,genericos.csv
Pregabalina,5636345,"Pregabalina Pentafarma MG, 150 mg Blister 56 Unidade(s) Caps...[56]",3.0,genericos.csv
Pregabalina,5635859,"Pregabalina Tolife MG, 50 mg Blister 56 Unidade(s) Caps...[56]",2.0,genericos.csv
Pregabalina,5656376,"Pregabalina Viatris MG, 150 mg Blister 56 Unidade(s) Caps...[56]",2.0,genericos.csv
Pregabalina,5669429,"Pregabalina Azevedos MG, 200 mg Blister 84 Unidade(s) Caps...[84]",1.0,genericos.csv
Pregabalina,5635875,"Pregabalina Pharmakern MG, 75 mg Blister 56 Unidade(s) Caps...[56]",1.0,genericos.csv
Pregabalina,5656368,"Pregabalina Viatris MG, 100 mg Blister 84 Unidade(s) Caps...[84]",1.0,genericos.csv
Quetiapina,5443544,"Quetiapina Tolife MG, 25 mg Blister 20 Unidade(s) Comp revest pelic...[20]",277.0,genericos.csv
Quetiapina,5280045,"Quetiapina Kventiax MG, 25 mg Blister 20 Unidade(s) Comp revest pelic...[20]",197.0,genericos.csv
Quetiapina,5117866,"Quetiapina Alter MG, 25 mg Blister 20 Unidade(s) Comp revest pelic...[20]",148.0,genericos.csv
Quetiapina,5237557,"Quetiapina Farmoz MG, 25 mg Blister 20 Unidade(s) Comp revest pelic...[20]",81.0,genericos.csv
Quetiapina,5405550,"Quetiapina toLife MG, 100 mg Blister 60 Unidade(s) Comp revest pelic...[60]",65.0,genericos.csv
Quetiapina,5280102,"Quetiapina Kventiax MG, 100 mg Blister 60 Unidade(s) Comp revest pelic...[60]",51.0,genericos.csv
Quetiapina,5049804,"Quetiapina Mylan MG, 100 mg Blister 60 Unidade(s) Comp revest pelic...[60]",43.0,genericos.csv
Quetiapina,5649975,"Quetiapina Bluepharma LP MG, 150 mg Blister 30 Unidade(s) Comp LP...[30]",41.0,genericos.csv
Quetiapina,5717020,"Quetiapina Generis MG, 25 mg Blister 20 Unidade(s) Comp revest pelic...[20]",36.0,genericos.csv
Quetiapina,5237649,"Quetiapina Farmoz MG, 100 mg Blister 60 Unidade(s) Comp revest pelic...[60]",29.0,genericos.csv
Quetiapina,5829866,"Quetiapina Farmoz SR MG, 50 mg Blister 60 Unidade(s) Comp LP...[60]",28.0,genericos.csv
Quetiapina,5681234,"Quetiapina Generis MG, 50 mg Blister 60 Unidade(s) Comp LP...[60]",26.0,genericos.csv
Quetiapina,5729835,"Quetiapina Aurovitas MG, 25 mg Blister 20 Unidade(s) Comp revest pelic...[20]",22.0,genericos.csv
Quetiapina,5280169,"Quetiapina Kventiax MG, 200 mg Blister 60 Unidade(s) Comp revest pelic...[60]",17.0,genericos.csv
Quetiapina,5829916,"Quetiapina Farmoz SR MG, 200 mg Blister 60 Unidade(s) Comp LP...[60]",15.0,genericos.csv
Quetiapina,5238647,"Quetiapina Farmoz MG, 300 mg Blister 60 Unidade(s) Comp revest pelic...[60]",11.0,genericos.csv
Quetiapina,5150875,"Quetiapina Rocoz MG, 25 mg Blister 20 Unidade(s) Comp revest pelic...[20]",10.0,genericos.csv
Quetiapina,5664230,"Quetiapina Mylan MG, 200 mg Blister 10 Unidade(s) Comp LP...[10]",9.0,genericos.csv
Quetiapina,5664115,"Quetiapina Mylan MG, 50 mg Blister 60 Unidade(s) Comp LP...[60]",8.0,genericos.csv
Quetiapina,5405576,"Quetiapina Tolife MG, 150 mg Blister 60 Unidade(s) Comp revest pelic...[60]",8.0,genericos.csv
Quetiapina,5047766,"Quetiapina Zentiva MG, 100 mg Blister 60 Unidade(s) Comp revest pelic...[60]",7.0,genericos.csv
Quetiapina,5238720,"Quetiapina Pentafarma MG, 25 mg Blister 20 Unidade(s) Comp revest pelic...[20]",6.0,genericos.csv
Quetiapina,5664404,"Quetiapina Mylan MG, 300 mg Blister 60 Unidade(s) Comp LP...[60]",5.0,genericos.csv
Quetiapina,5049846,"Quetiapina Mylan MG, 200 mg Blister 60 Unidade(s) Comp revest pelic...[60]",4.0,genericos.csv
Quetiapina,5405634,"Quetiapina toLife MG, 300 mg Blister 60 Unidade(s) Comp revest pelic...[60]",4.0,genericos.csv
Quetiapina,5701677,"Quetiapina toLife SR MG, 50 mg Blister 60 Unidade(s) Comp LP...[60]",4.0,genericos.csv
Quetiapina,5664164,"Quetiapina Mylan MG, 150 mg Blister 30 Unidade(s) Comp LP...[30]",3.0,genericos.csv
Quetiapina,5713318,"Quetiapina Alter SR MG, 400 mg x 60 comp lib prol...[60]",2.0,genericos.csv
Quetiapina,5650239,"Quetiapina Bluepharma LP MG, 400 mg Blister 60 Unidade(s) Comp LP...[60]",2.0,genericos.csv
Quetiapina,5713573,"Quetiapina ratiopharm MG, 150 mg Blister 30 Unidade(s) Comp LP...[30]",2.0,genericos.csv
Quetiapina,5701719,"Quetiapina toLife SR MG, 150 mg Blister 30 Unidade(s) Comp LP...[30]",2.0,genericos.csv
Quetiapina,5280219,"Quetiapina Kventiax MG, 300 mg Blister 60 Unidade(s) Comp revest pelic...[60]",1.0,genericos.csv
Quetiapina,5713334,"Quetiapina Rocoz SR MG, 50 mg Blister 60 Unidade(s) Comp LP...[60]",1.0,genericos.csv
Ramipril,5337241,"Ramipril Krka MG, 5 mg x 60 comp...[60]",63.0,genericos.csv
Ramipril,5337068,"Ramipril Krka MG, 1.25 mg Blister 60 Unidade(s) Comp...[60]",53.0,genericos.csv
Ramipril,5337159,"Ramipril Krka MG, 2,5 mg x 60 comp...[60]",50.0,genericos.csv
Ramipril,5667381,"Ramipril Sandoz MG, 5 mg x 60 comp...[60]",49.0,genericos.csv
Ramipril,5033840,"Ramipril ToLife MG, 5 mg x 56 cáps...[56]",38.0,genericos.csv
Ramipril,5337332,"Ramipril Krka MG, 10 mg x 60 comp...[60]",34.0,genericos.csv
Ramipril,5939889,"Ramipril Farmoz MG, 5 mg x 56 cáps...[56]",33.0,genericos.csv
Ramipril,5602669,"Ramipril Sandoz MG, 2,5 mg x 60 comp...[60]",32.0,genericos.csv
Ramipril,5602677,"Ramipril Sandoz MG, 5 mg x 60 comp...[60]",28.0,genericos.csv
Ramipril,4867081,"Ramipril Blixie MG, 1.25 mg Blister 56 Unidade(s) Caps...[56]",27.0,genericos.csv
Ramipril,5154786,"Ramipril Ratiopharm MG, 5 mg x 50 comp...[50]",26.0,genericos.csv
Ramipril,5667183,"Ramipril Sandoz MG, 2,5 mg x 60 comp...[60]",22.0,genericos.csv
Ramipril,5885264,"Ramipril Romace MG, 1.25 mg Blister 56 Unidade(s) Caps...[56]",20.0,genericos.csv
Ramipril,5885322,"Ramipril Romace MG, 2.5 mg Blister 56 Unidade(s) Caps...[56]",18.0,genericos.csv
Ramipril,5666987,"Ramipril Sandoz MG, 10 mg x 60 comp...[60]",16.0,genericos.csv
Ramipril,5939483,"Ramipril Farmoz MG, 1,25 mg x 28 cáps...[28]",15.0,genericos.csv
Ramipril,4867685,"Ramipril Blixie MG, 2.5 mg Blister 56 Unidade(s) Caps...[56]",13.0,genericos.csv
Ramipril,4868287,"Ramipril Blixie MG, 5 mg Blister 56 Unidade(s) Caps...[56]",13.0,genericos.csv
Ramipril,5602701,"Ramipril Sandoz MG, 10 mg x 60 comp...[60]",13.0,genericos.csv
Ramipril,5033139,"Ramipril ToLife MG, 2,5 mg x 56 cáps...[56]",13.0,genericos.csv
Ramipril,5885363,"Ramipril Romace MG, 5 mg Blister 56 Unidade(s) Caps...[56]",12.0,genericos.csv
Ramipril,5033923,"Ramipril ToLife MG, 10 mg x 56 cáps...[56]",12.0,genericos.csv
Ramipril,5694120,"Ramipril Aurovitas MG, 5 mg x 56 comp...[56]",3.0,genericos.csv
Rosuvastatina,5697974,"Rosuvastatina Sandoz MG, 20 mg Blister 30 Unidade(s) Comp revest pelic...[30]",183.0,genericos.csv
Rosuvastatina,5726641,"Rosuvastatina TAD MG, 20 mg Blister 30 Unidade(s) Comp revest pelic...[30]",141.0,genericos.csv
Rosuvastatina,5715719,"Rosuvastatina Tecnilor MG, 20 mg Blister 30 Unidade(s) Comp revest pelic...[30]",126.0,genericos.csv
Rosuvastatina,5714324,"Rosuvastatina Tecnigen MG, 20 mg Blister 30 Unidade(s) Comp revest pelic...[30]",119.0,genericos.csv
Rosuvastatina,5291406,"Rosuvastatina Sandoz MG, 10 mg Blister 60 Unidade(s) Comp revest pelic...[60]",94.0,genericos.csv
Rosuvastatina,5714308,"Rosuvastatina Tecnigen MG, 10 mg Blister 60 Unidade(s) Comp revest pelic...[60]",84.0,genericos.csv
Rosuvastatina,5726633,"Rosuvastatina TAD MG, 10 mg Blister 60 Unidade(s) Comp revest pelic...[60]",58.0,genericos.csv
Rosuvastatina,5705074,"Rosuvastatina Farmoz MG, 20 mg Blister 30 Unidade(s) Comp revest pelic...[30]",47.0,genericos.csv
Rosuvastatina,5705066,"Rosuvastatina Farmoz MG, 10 mg Blister 60 Unidade(s) Comp revest pelic...[60]",40.0,genericos.csv
Rosuvastatina,5291364,"Rosuvastatina Sandoz MG, 5 mg Blister 60 Unidade(s) Comp revest pelic...[60]",30.0,genericos.csv
Rosuvastatina,5664065,"Rosuvastatina Zentiva MG, 40 mg Blister 30 Unidade(s) Comp revest pelic...[30]",27.0,genericos.csv
Rosuvastatina,5705033,"Rosuvastatina Farmoz MG, 5 mg Blister 60 Unidade(s) Comp revest pelic...[60]",26.0,genericos.csv
Rosuvastatina,5714258,"Rosuvastatina Tecnigen MG, 5 mg Blister 60 Unidade(s) Comp revest pelic...[60]",26.0,genericos.csv
Rosuvastatina,5726625,"Rosuvastatina TAD MG, 5 mg Blister 60 Unidade(s) Comp revest pelic...[60]",24.0,genericos.csv
Rosuvastatina,5702964,"Rosuvastatina toLife MG, 20 mg Blister 30 Unidade(s) Comp revest pelic...[30]",23.0,genericos.csv
Rosuvastatina,5888532,"Rosuvastatina Generis MG, 40 mg Blister 30 Unidade(s) Comp revest pelic...[30]",15.0,genericos.csv
Rosuvastatina,5679071,"Rosuvastatina Aurovitas MG, 20 mg Blister 30 Unidade(s) Comp revest pelic...[30]",14.0,genericos.csv
Rosuvastatina,5715677,"Rosuvastatina Tecnilor MG, 10 mg Blister 60 Unidade(s) Comp revest pelic...[60]",12.0,genericos.csv
Rosuvastatina,5665930,"Rosuvastatina Teva MG, 5 mg Blister 60 Unidade(s) Comp revest pelic...[60]",11.0,genericos.csv
Rosuvastatina,5718317,"Rosuvastatina Generis MG, 10 mg Blister 60 Unidade(s) Comp revest pelic...[60]",9.0,genericos.csv
Rosuvastatina,5679063,"Rosuvastatina Aurovitas MG, 10 mg Blister 60 Unidade(s) Comp revest pelic...[60]",8.0,genericos.csv
Rosuvastatina,5665971,"Rosuvastatina Teva MG, 10 mg Blister 60 Unidade(s) Comp revest pelic...[60]",8.0,genericos.csv
Rosuvastatina,5706130,"Rosuvastatina Pentafarma MG, 20 mg Blister 30 Unidade(s) Comp revest pelic...[30]",7.0,genericos.csv
Rosuvastatina,5702949,"Rosuvastatina toLife MG, 10 mg Blister 60 Unidade(s) Comp revest pelic...[60]",7.0,genericos.csv
Rosuvastatina,5666078,"Rosuvastatina Teva MG, 20 mg Blister 30 Unidade(s) Comp revest pelic...[30]",3.0,genericos.csv
Rosuvastatina,5701958,"Rosuvastatina Mylan MG, 20 mg Blister 30 Unidade(s) Comp revest pelic...[30]",2.0,genericos.csv
Rosuvastatina,5665427,"Rosuvastatina Mylan MG, 10 mg Blister 56 Unidade(s) Comp revest pelic...[56]",1.0,genericos.csv
Sertralina,5306899,"Sertralina Farmoz MG, 50 mg Blister 60 Unidade(s) Comp revest pelic...[60]",241.0,genericos.csv
Sertralina,5740824,"Sertralina Generis MG, 50 mg Blister 56 Unidade(s) Comp revest pelic...[56]",218.0,genericos.csv
Sertralina,5247184,"Sertralina Sandoz MG, 50 mg Blister 60 Unidade(s) Comp revest pelic...[60]",199.0,genericos.csv
Sertralina,5247481,"Sertralina Sandoz MG, 100 mg Blister 60 Unidade(s) Comp revest pelic...[60]",192.0,genericos.csv
Sertralina,5307491,"Sertralina Farmoz MG, 100 mg Blister 60 Unidade(s) Comp revest pelic...[60]",165.0,genericos.csv
Sertralina,4884888,"Sertralina Generis Phar MG, 50 mg Blister 56 Unidade(s) Comp revest pelic...[56]",43.0,genericos.csv
Sertralina,5031729,"Sertralina Aurobindo MG, 50 mg Blister 56 Unidade(s) Comp revest pelic...[56]",40.0,genericos.csv
Sertralina,4740783,"Sertralina Zentiva MG, 50 mg Blister 56 Unidade(s) Comp revest pelic...[56]",40.0,genericos.csv
Sertralina,5308093,"Sertralina Aserta MG, 50 mg Blister 60 Unidade(s) Comp revest pelic...[60]",29.0,genericos.csv
Sertralina,5005764,"Sertralina Azevedos MG, 50 mg Blister 56 Unidade(s) Comp revest pelic...[56]",23.0,genericos.csv
Sertralina,5035977,"Sertralina toLife MG, 50 mg Blister 56 Unidade(s) Comp revest pelic...[56]",23.0,genericos.csv
Sertralina,5036025,"Sertralina toLife MG, 100 mg Blister 56 Unidade(s) Comp revest pelic...[56]",20.0,genericos.csv
Sertralina,4741989,"Sertralina Zentiva MG, 100 mg Blister 56 Unidade(s) Comp revest pelic...[56]",19.0,genericos.csv
Sertralina,5740840,"Sertralina Generis MG, 100 mg Blister 56 Unidade(s) Comp revest pelic...[56]",15.0,genericos.csv
Sertralina,5308697,"Sertralina Aserta MG, 100 mg Blister 60 Unidade(s) Comp revest pelic...[60]",11.0,genericos.csv
Sertralina,5415989,"Sertralina Pharmakern MG, 50 mg Blister 56 Unidade(s) Comp revest pelic...[56]",11.0,genericos.csv
Sertralina,5306394,"Sertralina Farmoz MG, 50 mg Blister 10 Unidade(s) Comp revest pelic...[10]",1.0,genericos.csv
Sinvastatina,5999586,"Sinvastatina Sandoz MG, 20 mg Blister 60 Unidade(s) Comp revest pelic...[60]",125.0,genericos.csv
Sinvastatina,4207395,"Sinvastatina Tecnigen MG, 20 mg Blister 60 Unidade(s) Comp revest...[60]",82.0,genericos.csv
Sinvastatina,4898581,"Sinvastatina toLife 20 mg comprimidos revestidos MG, 20 mg Blister 60 Unidade(s) Comp revest pelic...[60]",77.0,genericos.csv
Sinvastatina,5999487,"Sinvastatina Sandoz MG, 10 mg Blister 60 Unidade(s) Comp revest pelic...[60]",32.0,genericos.csv
Sinvastatina,5999685,"Sinvastatina Sandoz MG, 40 mg Blister 60 Unidade(s) Comp revest pelic...[60]",26.0,genericos.csv
Sinvastatina,4207494,"Sinvastatina Farmoz MG, 20 mg Blister 60 Unidade(s) Comp revest pelic...[60]",23.0,genericos.csv
Sinvastatina,5338561,"Sinvastatina Aurobindo MG, 20 mg Blister 60 Unidade(s) Comp revest pelic...[60]",15.0,genericos.csv
Sinvastatina,5762760,"Sinvastatina + Ezetimiba Aurovitas MG, 40/10 mg x 28 comp...[28]",14.0,genericos.csv
Sinvastatina,5423793,"Sinvastatina Tecnigen MG, 40 mg Blister 60 Unidade(s) Comp revest...[60]",14.0,genericos.csv
Sinvastatina,4012381,"Sinvastatina Alter MG, 20 mg Blister 60 Unidade(s) Comp revest pelic...[60]",9.0,genericos.csv
Sinvastatina,5740907,"Sinvastatina Generis MG, 20 mg Blister 60 Unidade(s) Comp revest pelic...[60]",9.0,genericos.csv
Sinvastatina,5338611,"Sinvastatina Aurobindo MG, 40 mg Blister 60 Unidade(s) Comp revest pelic...[60]",6.0,genericos.csv
Sinvastatina,4028486,"Sinvastatina Zentiva MG, 20 mg Blister 60 Unidade(s) Comp revest pelic...[60]",6.0,genericos.csv
Sinvastatina,5472394,"Sinvastatina Farmoz MG, 40 mg Blister 60 Unidade(s) Comp revest pelic...[60]",4.0,genericos.csv
Sinvastatina,5071501,"Sinvastatina Teva MG, 20 mg Blister 60 Unidade(s) Comp revest pelic...[60]",2.0,genericos.csv
Sinvastatina,5756556,"Sinvastatina + Ezetimiba toLife MG, 40/10 mg x 28 comp...[28]",1.0,genericos.csv
Sinvastatina,5077797,"Sinvastatina Tetrafarma MG, 40 mg Blister 60 Unidade(s) Comp revest pelic...[60]",1.0,genericos.csv
Tansulosina,5643887,"Tansulosina Sandoz MG, 0.4 mg Blister 30 Unidade(s) Caps LP...[30]",443.0,genericos.csv
Tansulosina,5644489,"Tansulosina Viatris Pharma MG, 0.4 mg Blister 30 Unidade(s) Caps LP...[30]",143.0,genericos.csv
Tansulosina,5395322,"Tansulosina Sandoz MG, 0.4 mg Blister 30 Unidade(s) Comp LP...[30]",93.0,genericos.csv
Tansulosina,5895990,"Tansulosina Amperlem MG, 0.4 mg Blister 30 Unidade(s) Caps LP...[30]",51.0,genericos.csv
Tansulosina,5813191,"Tansulosina Reliva 0,4 mg Cápsulas de libertação prolongada MG, 0.4 mg Blister 30 Unidade(s) Caps LP...[30]",29.0,genericos.csv
Tansulosina,5349238,"Tansulosina Krka MG, 0.4 mg Blister 30 Unidade(s) Comp LP...[30]",18.0,genericos.csv
Tansulosina,5712815,"Tansulosina Zentiva MG, 0.4 mg Blister 30 Unidade(s) Caps LM...[30]",12.0,genericos.csv
Tansulosina,5228085,"Tansulosina Mepha 0,4 mg Cápsulas duras de libertação prolongada MG, 0.4 mg Blister 30 Unidade(s) Caps LP...[30]",9.0,genericos.csv
Tansulosina,5886247,"Tansulosina toLife MG, 0.4 mg Blister 30 Unidade(s) Caps LM...[30]",9.0,genericos.csv
Tansulosina,5637889,"Tansulosina Viatris Pharma MG, 0.4 mg Blister 10 Unidade(s) Caps LP...[10]",8.0,genericos.csv
Tansulosina,5895792,"Tansulosina Amperlem MG, 0.4 mg Blister 10 Unidade(s) Caps LP...[10]",1.0,genericos.csv
Tapentadol,5824016,"Tapentadol Krka MG, 50 mg Frasco 30 Unidade(s) Comp LP...[30]",197.0,genericos.csv
Tapentadol,5824024,"Tapentadol Krka MG, 100 mg Frasco 30 Unidade(s) Comp LP...[30]",93.0,genericos.csv
Tapentadol,5850102,"Tapentadol Ciclum MG, 50 mg Blister em dose unitária 20 Unidade(s) Comp LP...[20]",41.0,genericos.csv
Tapentadol,5824032,"Tapentadol Krka MG, 150 mg Frasco 30 Unidade(s) Comp LP...[30]",30.0,genericos.csv
Tapentadol,5824040,"Tapentadol Krka MG, 200 mg Frasco 30 Unidade(s) Comp LP...[30]",19.0,genericos.csv
Tapentadol,5850169,"Tapentadol Ciclum MG, 50 mg Blister em dose unitária 30 Unidade(s) Comp LP...[30]",18.0,genericos.csv
Tapentadol,5849617,"Tapentadol Mylan MG, 150 mg Blister 30 Unidade(s) Comp LP...[30]",11.0,genericos.csv
Tapentadol,5852504,"Tapentadol Generis MG, 100 mg Blister 30 Unidade(s) Comp LP...[30]",6.0,genericos.csv
Tapentadol,5919014,"Tapentadol Farmoz MG, 50 mg Blister 30 Unidade(s) Comp LP...[30]",4.0,genericos.csv
Tapentadol,5919022,"Tapentadol Farmoz MG, 100 mg Blister 30 Unidade(s) Comp LP...[30]",3.0,genericos.csv
Tapentadol,5852876,"Tapentadol Generis MG, 200 mg Blister 30 Unidade(s) Comp LP...[30]",3.0,genericos.csv
Tapentadol,5919030,"Tapentadol Farmoz MG, 150 mg Blister 30 Unidade(s) Comp LP...[30]",2.0,genericos.csv
Tapentadol,5919006,"Tapentadol Farmoz MG, 50 mg Blister 20 Unidade(s) Comp LP...[20]",2.0,genericos.csv
Tapentadol,5850128,"Tapentadol Ciclum MG, 100 mg Blister em dose unitária 30 Unidade(s) Comp LP...[30]",1.0,genericos.csv
Tapentadol,5824057,"Tapentadol Krka MG, 250 mg Frasco 30 Unidade(s) Comp LP...[30]",1.0,genericos.csv
Tramadol/Paracetamol,5164926,"Tramadol/Paracetamol Krka MG, 37.5 mg + 325 mg Blister 20 Unidade(s) Comp revest pelic...[20]",352.0,genericos.csv
Tramadol/Paracetamol,5488671,"Tramadol/Paracetamol toLife MG, 37.5 mg + 325 mg Blister 20 Unidade(s) Comp...[20]",161.0,genericos.csv
Tramadol/Paracetamol,5456009,"Tramadol/Paracetamol Farmoz MG, 37.5 mg + 325 mg Blister 20 Unidade(s) Comp...[20]",103.0,genericos.csv
Tramadol/Paracetamol,5164769,"Tramadol/Paracetamol Generis MG, 37.5 mg + 325 mg Blister 20 Unidade(s) Comp revest pelic...[20]",57.0,genericos.csv
Tramadol/Paracetamol,5669759,"Tramadol/Paracetamol Aristo MG, 37.5 mg + 325 mg Recipiente para comprimidos 20 Unidade(s) Comp eferv...[20]",5.0,genericos.csv
Tramadol/Paracetamol,5343553,"Tramadol/Paracetamol Pharmakern MG, 37.5 mg + 325 mg Blister 20 Unidade(s) Comp revest pelic...[20]",5.0,genericos.csv
Zolpidem,3994688,"Zolpidem Teva MG, 10 mg Blister 20 Unidade(s) Comp revest pelic...[20]",451.0,genericos.csv
Zolpidem,5647904,"Zolpidem Aurovitas MG, 10 mg Blister 20 Unidade(s) Comp revest pelic...[20]",283.0,genericos.csv
Zolpidem,5068788,"Zolpidem Sandoz MG, 10 mg Blister 14 Unidade(s) Comp revest pelic...[14]",33.0,genericos.csv
